Gameweek,Home Team,Away Team,Date,Kickoff,Home Pred,Away Pred,Captain?,Match Points,Breakdown,Actual Home,Actual Away
--- GAMEWEEK 1 ---,,,,,,,,,,,
1,Liverpool,Bournemouth,2025-08-15,19:00,,,FALSE,,,,
1,Aston Villa,Newcastle,2025-08-16,11:30,,,FALSE,,,,
1,Brighton,Fulham,2025-08-16,14:00,,,FALSE,,,,
1,Spurs,Burnley,2025-08-16,14:00,,,FALSE,,,,
1,Sunderland,West Ham,2025-08-16,14:00,,,FALSE,,,,
1,Wolves,Man City,2025-08-16,16:30,,,FALSE,,,,
1,Chelsea,Crystal Palace,2025-08-17,13:00,,,FALSE,,,,
1,Nott'm Forest,Brentford,2025-08-17,13:00,,,FALSE,,,,
1,Man Utd,Arsenal,2025-08-17,15:30,,,FALSE,,,,
1,Leeds,Everton,2025-08-18,19:00,,,FALSE,,,,
GW1 TOTAL:,,,,,,,,=SUM(I4:I12),,,
Chips:,Triple Captain,All Captain,Weekly Goals Bonus,,,,,,,,
,,,,,,,,,,,
--- GAMEWEEK 2 ---,,,,,,,,,,,
2,West Ham,Chelsea,2025-08-22,19:00,,,FALSE,,,,
2,Man City,Spurs,2025-08-23,11:30,,,FALSE,,,,
2,Bournemouth,Wolves,2025-08-23,14:00,,,FALSE,,,,
2,Brentford,Aston Villa,2025-08-23,14:00,,,FALSE,,,,
2,Burnley,Sunderland,2025-08-23,14:00,,,FALSE,,,,
2,Arsenal,Leeds,2025-08-23,16:30,,,FALSE,,,,
2,Crystal Palace,Nott'm Forest,2025-08-24,13:00,,,FALSE,,,,
2,Everton,Brighton,2025-08-24,13:00,,,FALSE,,,,
2,Fulham,Man Utd,2025-08-24,15:30,,,FALSE,,,,
2,Newcastle,Liverpool,2025-08-25,19:00,,,FALSE,,,,
GW2 TOTAL:,,,,,,,,=SUM(I18:I26),,,
Chips:,Triple Captain,All Captain,Weekly Goals Bonus,,,,,,,,
,,,,,,,,,,,
--- GAMEWEEK 3 ---,,,,,,,,,,,
3,Chelsea,Fulham,2025-08-30,11:30,,,FALSE,,,,
3,Man Utd,Burnley,2025-08-30,14:00,,,FALSE,,,,
3,Spurs,Bournemouth,2025-08-30,14:00,,,FALSE,,,,
3,Sunderland,Brentford,2025-08-30,14:00,,,FALSE,,,,
3,Wolves,Everton,2025-08-30,14:00,,,FALSE,,,,
3,Leeds,Newcastle,2025-08-30,16:30,,,FALSE,,,,
3,Brighton,Man City,2025-08-31,13:00,,,FALSE,,,,
3,Nott'm Forest,West Ham,2025-08-31,13:00,,,FALSE,,,,
3,Liverpool,Arsenal,2025-08-31,15:30,,,FALSE,,,,
3,Aston Villa,Crystal Palace,2025-08-31,18:00,,,FALSE,,,,
GW3 TOTAL:,,,,,,,,=SUM(I32:I40),,,
Chips:,Triple Captain,All Captain,Weekly Goals Bonus,,,,,,,,
,,,,,,,,,,,
--- GAMEWEEK 4 ---,,,,,,,,,,,
4,Arsenal,Nott'm Forest,2025-09-13,11:30,,,FALSE,,,,
4,Bournemouth,Brighton,2025-09-13,14:00,,,FALSE,,,,
4,Crystal Palace,Sunderland,2025-09-13,14:00,,,FALSE,,,,
4,Everton,Aston Villa,2025-09-13,14:00,,,FALSE,,,,
4,Fulham,Leeds,2025-09-13,14:00,,,FALSE,,,,
4,Newcastle,Wolves,2025-09-13,14:00,,,FALSE,,,,
4,West Ham,Spurs,2025-09-13,16:30,,,FALSE,,,,
4,Brentford,Chelsea,2025-09-13,19:00,,,FALSE,,,,
4,Burnley,Liverpool,2025-09-14,13:00,,,FALSE,,,,
4,Man City,Man Utd,2025-09-14,15:30,,,FALSE,,,,
GW4 TOTAL:,,,,,,,,=SUM(I46:I54),,,
Chips:,Triple Captain,All Captain,Weekly Goals Bonus,,,,,,,,
,,,,,,,,,,,
--- GAMEWEEK 5 ---,,,,,,,,,,,
5,Liverpool,Everton,2025-09-20,11:30,,,FALSE,,,,
5,Bournemouth,Newcastle,2025-09-20,14:00,,,FALSE,,,,
5,Brighton,Spurs,2025-09-20,14:00,,,FALSE,,,,
5,Burnley,Nott'm Forest,2025-09-20,14:00,,,FALSE,,,,
5,West Ham,Crystal Palace,2025-09-20,14:00,,,FALSE,,,,
5,Wolves,Leeds,2025-09-20,14:00,,,FALSE,,,,
5,Man Utd,Chelsea,2025-09-20,16:30,,,FALSE,,,,
5,Fulham,Brentford,2025-09-20,19:00,,,FALSE,,,,
5,Sunderland,Aston Villa,2025-09-21,13:00,,,FALSE,,,,
5,Arsenal,Man City,2025-09-21,15:30,,,FALSE,,,,
GW5 TOTAL:,,,,,,,,=SUM(I60:I68),,,
Chips:,Triple Captain,All Captain,Weekly Goals Bonus,,,,,,,,
,,,,,,,,,,,
--- GAMEWEEK 6 ---,,,,,,,,,,,
6,Brentford,Man Utd,2025-09-27,11:30,,,FALSE,,,,
6,Aston Villa,Fulham,2025-09-27,14:00,,,FALSE,,,,
6,Chelsea,Brighton,2025-09-27,14:00,,,FALSE,,,,
6,Crystal Palace,Liverpool,2025-09-27,14:00,,,FALSE,,,,
6,Leeds,Bournemouth,2025-09-27,14:00,,,FALSE,,,,
6,Man City,Burnley,2025-09-27,14:00,,,FALSE,,,,
6,Nott'm Forest,Sunderland,2025-09-27,16:30,,,FALSE,,,,
6,Spurs,Wolves,2025-09-28,13:00,,,FALSE,,,,
6,Newcastle,Arsenal,2025-09-28,15:30,,,FALSE,,,,
6,Everton,West Ham,2025-09-29,19:00,,,FALSE,,,,
GW6 TOTAL:,,,,,,,,=SUM(I74:I82),,,
Chips:,Triple Captain,All Captain,Weekly Goals Bonus,,,,,,,,
,,,,,,,,,,,
--- GAMEWEEK 7 ---,,,,,,,,,,,
7,Arsenal,West Ham,2025-10-04,14:00,,,FALSE,,,,
7,Aston Villa,Burnley,2025-10-04,14:00,,,FALSE,,,,
7,Bournemouth,Fulham,2025-10-04,14:00,,,FALSE,,,,
7,Brentford,Man City,2025-10-04,14:00,,,FALSE,,,,
7,Chelsea,Liverpool,2025-10-04,14:00,,,FALSE,,,,
7,Everton,Crystal Palace,2025-10-04,14:00,,,FALSE,,,,
7,Leeds,Spurs,2025-10-04,14:00,,,FALSE,,,,
7,Man Utd,Sunderland,2025-10-04,14:00,,,FALSE,,,,
7,Newcastle,Nott'm Forest,2025-10-04,14:00,,,FALSE,,,,
7,Wolves,Brighton,2025-10-04,14:00,,,FALSE,,,,
GW7 TOTAL:,,,,,,,,=SUM(I88:I96),,,
Chips:,Triple Captain,All Captain,Weekly Goals Bonus,,,,,,,,
,,,,,,,,,,,
--- GAMEWEEK 8 ---,,,,,,,,,,,
8,Brighton,Newcastle,2025-10-18,14:00,,,FALSE,,,,
8,Burnley,Leeds,2025-10-18,14:00,,,FALSE,,,,
8,Crystal Palace,Bournemouth,2025-10-18,14:00,,,FALSE,,,,
8,Fulham,Arsenal,2025-10-18,14:00,,,FALSE,,,,
8,Liverpool,Man Utd,2025-10-18,14:00,,,FALSE,,,,
8,Man City,Everton,2025-10-18,14:00,,,FALSE,,,,
8,Nott'm Forest,Chelsea,2025-10-18,14:00,,,FALSE,,,,
8,Spurs,Aston Villa,2025-10-18,14:00,,,FALSE,,,,
8,Sunderland,Wolves,2025-10-18,14:00,,,FALSE,,,,
8,West Ham,Brentford,2025-10-18,14:00,,,FALSE,,,,
GW8 TOTAL:,,,,,,,,=SUM(I102:I110),,,
Chips:,Triple Captain,All Captain,Weekly Goals Bonus,,,,,,,,
,,,,,,,,,,,
--- GAMEWEEK 9 ---,,,,,,,,,,,
9,Arsenal,Crystal Palace,2025-10-25,14:00,,,FALSE,,,,
9,Aston Villa,Man City,2025-10-25,14:00,,,FALSE,,,,
9,Bournemouth,Nott'm Forest,2025-10-25,14:00,,,FALSE,,,,
9,Brentford,Liverpool,2025-10-25,14:00,,,FALSE,,,,
9,Chelsea,Sunderland,2025-10-25,14:00,,,FALSE,,,,
9,Everton,Spurs,2025-10-25,14:00,,,FALSE,,,,
9,Leeds,West Ham,2025-10-25,14:00,,,FALSE,,,,
9,Man Utd,Brighton,2025-10-25,14:00,,,FALSE,,,,
9,Newcastle,Fulham,2025-10-25,14:00,,,FALSE,,,,
9,Wolves,Burnley,2025-10-25,14:00,,,FALSE,,,,
GW9 TOTAL:,,,,,,,,=SUM(I116:I124),,,
Chips:,Triple Captain,All Captain,Weekly Goals Bonus,,,,,,,,
,,,,,,,,,,,
--- GAMEWEEK 10 ---,,,,,,,,,,,
10,Brighton,Leeds,2025-11-01,15:00,,,FALSE,,,,
10,Burnley,Arsenal,2025-11-01,15:00,,,FALSE,,,,
10,Crystal Palace,Brentford,2025-11-01,15:00,,,FALSE,,,,
10,Fulham,Wolves,2025-11-01,15:00,,,FALSE,,,,
10,Liverpool,Aston Villa,2025-11-01,15:00,,,FALSE,,,,
10,Man City,Bournemouth,2025-11-01,15:00,,,FALSE,,,,
10,Nott'm Forest,Man Utd,2025-11-01,15:00,,,FALSE,,,,
10,Spurs,Chelsea,2025-11-01,15:00,,,FALSE,,,,
10,Sunderland,Everton,2025-11-01,15:00,,,FALSE,,,,
10,West Ham,Newcastle,2025-11-01,15:00,,,FALSE,,,,
GW10 TOTAL:,,,,,,,,=SUM(I130:I138),,,
Chips:,Triple Captain,All Captain,Weekly Goals Bonus,,,,,,,,
,,,,,,,,,,,
--- GAMEWEEK 11 ---,,,,,,,,,,,
11,Aston Villa,Bournemouth,2025-11-08,15:00,,,FALSE,,,,
11,Brentford,Newcastle,2025-11-08,15:00,,,FALSE,,,,
11,Chelsea,Wolves,2025-11-08,15:00,,,FALSE,,,,
11,Crystal Palace,Brighton,2025-11-08,15:00,,,FALSE,,,,
11,Everton,Fulham,2025-11-08,15:00,,,FALSE,,,,
11,Man City,Liverpool,2025-11-08,15:00,,,FALSE,,,,
11,Nott'm Forest,Leeds,2025-11-08,15:00,,,FALSE,,,,
11,Spurs,Man Utd,2025-11-08,15:00,,,FALSE,,,,
11,Sunderland,Arsenal,2025-11-08,15:00,,,FALSE,,,,
11,West Ham,Burnley,2025-11-08,15:00,,,FALSE,,,,
GW11 TOTAL:,,,,,,,,=SUM(I144:I152),,,
Chips:,Triple Captain,All Captain,Weekly Goals Bonus,,,,,,,,
,,,,,,,,,,,
--- GAMEWEEK 12 ---,,,,,,,,,,,
12,Arsenal,Spurs,2025-11-22,15:00,,,FALSE,,,,
12,Bournemouth,West Ham,2025-11-22,15:00,,,FALSE,,,,
12,Brighton,Brentford,2025-11-22,15:00,,,FALSE,,,,
12,Burnley,Chelsea,2025-11-22,15:00,,,FALSE,,,,
12,Fulham,Sunderland,2025-11-22,15:00,,,FALSE,,,,
12,Leeds,Aston Villa,2025-11-22,15:00,,,FALSE,,,,
12,Liverpool,Nott'm Forest,2025-11-22,15:00,,,FALSE,,,,
12,Man Utd,Everton,2025-11-22,15:00,,,FALSE,,,,
12,Newcastle,Man City,2025-11-22,15:00,,,FALSE,,,,
12,Wolves,Crystal Palace,2025-11-22,15:00,,,FALSE,,,,
GW12 TOTAL:,,,,,,,,=SUM(I158:I166),,,
Chips:,Triple Captain,All Captain,Weekly Goals Bonus,,,,,,,,
,,,,,,,,,,,
--- GAMEWEEK 13 ---,,,,,,,,,,,
13,Aston Villa,Wolves,2025-11-29,15:00,,,FALSE,,,,
13,Brentford,Burnley,2025-11-29,15:00,,,FALSE,,,,
13,Chelsea,Arsenal,2025-11-29,15:00,,,FALSE,,,,
13,Crystal Palace,Man Utd,2025-11-29,15:00,,,FALSE,,,,
13,Everton,Newcastle,2025-11-29,15:00,,,FALSE,,,,
13,Man City,Leeds,2025-11-29,15:00,,,FALSE,,,,
13,Nott'm Forest,Brighton,2025-11-29,15:00,,,FALSE,,,,
13,Spurs,Fulham,2025-11-29,15:00,,,FALSE,,,,
13,Sunderland,Bournemouth,2025-11-29,15:00,,,FALSE,,,,
13,West Ham,Liverpool,2025-11-29,15:00,,,FALSE,,,,
GW13 TOTAL:,,,,,,,,=SUM(I172:I180),,,
Chips:,Triple Captain,All Captain,Weekly Goals Bonus,,,,,,,,
,,,,,,,,,,,
--- GAMEWEEK 14 ---,,,,,,,,,,,
14,Arsenal,Brentford,2025-12-03,20:00,,,FALSE,,,,
14,Bournemouth,Everton,2025-12-03,20:00,,,FALSE,,,,
14,Brighton,Aston Villa,2025-12-03,20:00,,,FALSE,,,,
14,Burnley,Crystal Palace,2025-12-03,20:00,,,FALSE,,,,
14,Fulham,Man City,2025-12-03,20:00,,,FALSE,,,,
14,Leeds,Chelsea,2025-12-03,20:00,,,FALSE,,,,
14,Liverpool,Sunderland,2025-12-03,20:00,,,FALSE,,,,
14,Man Utd,West Ham,2025-12-03,20:00,,,FALSE,,,,
14,Newcastle,Spurs,2025-12-03,20:00,,,FALSE,,,,
14,Wolves,Nott'm Forest,2025-12-03,20:00,,,FALSE,,,,
GW14 TOTAL:,,,,,,,,=SUM(I186:I194),,,
Chips:,Triple Captain,All Captain,Weekly Goals Bonus,,,,,,,,
,,,,,,,,,,,
--- GAMEWEEK 15 ---,,,,,,,,,,,
15,Aston Villa,Arsenal,2025-12-06,15:00,,,FALSE,,,,
15,Bournemouth,Chelsea,2025-12-06,15:00,,,FALSE,,,,
15,Brighton,West Ham,2025-12-06,15:00,,,FALSE,,,,
15,Everton,Nott'm Forest,2025-12-06,15:00,,,FALSE,,,,
15,Fulham,Crystal Palace,2025-12-06,15:00,,,FALSE,,,,
15,Leeds,Liverpool,2025-12-06,15:00,,,FALSE,,,,
15,Man City,Sunderland,2025-12-06,15:00,,,FALSE,,,,
15,Newcastle,Burnley,2025-12-06,15:00,,,FALSE,,,,
15,Spurs,Brentford,2025-12-06,15:00,,,FALSE,,,,
15,Wolves,Man Utd,2025-12-06,15:00,,,FALSE,,,,
GW15 TOTAL:,,,,,,,,=SUM(I200:I208),,,
Chips:,Triple Captain,All Captain,Weekly Goals Bonus,,,,,,,,
,,,,,,,,,,,
--- GAMEWEEK 16 ---,,,,,,,,,,,
16,Arsenal,Wolves,2025-12-13,15:00,,,FALSE,,,,
16,Brentford,Leeds,2025-12-13,15:00,,,FALSE,,,,
16,Burnley,Fulham,2025-12-13,15:00,,,FALSE,,,,
16,Chelsea,Everton,2025-12-13,15:00,,,FALSE,,,,
16,Crystal Palace,Man City,2025-12-13,15:00,,,FALSE,,,,
16,Liverpool,Brighton,2025-12-13,15:00,,,FALSE,,,,
16,Man Utd,Bournemouth,2025-12-13,15:00,,,FALSE,,,,
16,Nott'm Forest,Spurs,2025-12-13,15:00,,,FALSE,,,,
16,Sunderland,Newcastle,2025-12-13,15:00,,,FALSE,,,,
16,West Ham,Aston Villa,2025-12-13,15:00,,,FALSE,,,,
GW16 TOTAL:,,,,,,,,=SUM(I214:I222),,,
Chips:,Triple Captain,All Captain,Weekly Goals Bonus,,,,,,,,
,,,,,,,,,,,
--- GAMEWEEK 17 ---,,,,,,,,,,,
17,Aston Villa,Man Utd,2025-12-20,15:00,,,FALSE,,,,
17,Bournemouth,Burnley,2025-12-20,15:00,,,FALSE,,,,
17,Brighton,Sunderland,2025-12-20,15:00,,,FALSE,,,,
17,Everton,Arsenal,2025-12-20,15:00,,,FALSE,,,,
17,Fulham,Nott'm Forest,2025-12-20,15:00,,,FALSE,,,,
17,Leeds,Crystal Palace,2025-12-20,15:00,,,FALSE,,,,
17,Man City,West Ham,2025-12-20,15:00,,,FALSE,,,,
17,Newcastle,Chelsea,2025-12-20,15:00,,,FALSE,,,,
17,Spurs,Liverpool,2025-12-20,15:00,,,FALSE,,,,
17,Wolves,Brentford,2025-12-20,15:00,,,FALSE,,,,
GW17 TOTAL:,,,,,,,,=SUM(I228:I236),,,
Chips:,Triple Captain,All Captain,Weekly Goals Bonus,,,,,,,,
,,,,,,,,,,,
--- GAMEWEEK 18 ---,,,,,,,,,,,
18,Arsenal,Brighton,2025-12-27,15:00,,,FALSE,,,,
18,Brentford,Bournemouth,2025-12-27,15:00,,,FALSE,,,,
18,Burnley,Everton,2025-12-27,15:00,,,FALSE,,,,
18,Chelsea,Aston Villa,2025-12-27,15:00,,,FALSE,,,,
18,Crystal Palace,Spurs,2025-12-27,15:00,,,FALSE,,,,
18,Liverpool,Wolves,2025-12-27,15:00,,,FALSE,,,,
18,Man Utd,Newcastle,2025-12-27,15:00,,,FALSE,,,,
18,Nott'm Forest,Man City,2025-12-27,15:00,,,FALSE,,,,
18,Sunderland,Leeds,2025-12-27,15:00,,,FALSE,,,,
18,West Ham,Fulham,2025-12-27,15:00,,,FALSE,,,,
GW18 TOTAL:,,,,,,,,=SUM(I242:I250),,,
Chips:,Triple Captain,All Captain,Weekly Goals Bonus,,,,,,,,
,,,,,,,,,,,
--- GAMEWEEK 19 ---,,,,,,,,,,,
19,Arsenal,Aston Villa,2025-12-30,20:00,,,FALSE,,,,
19,Brentford,Spurs,2025-12-30,20:00,,,FALSE,,,,
19,Burnley,Newcastle,2025-12-30,20:00,,,FALSE,,,,
19,Chelsea,Bournemouth,2025-12-30,20:00,,,FALSE,,,,
19,Crystal Palace,Fulham,2025-12-30,20:00,,,FALSE,,,,
19,Liverpool,Leeds,2025-12-30,20:00,,,FALSE,,,,
19,Man Utd,Wolves,2025-12-30,20:00,,,FALSE,,,,
19,Nott'm Forest,Everton,2025-12-30,20:00,,,FALSE,,,,
19,Sunderland,Man City,2025-12-30,20:00,,,FALSE,,,,
19,West Ham,Brighton,2025-12-30,20:00,,,FALSE,,,,
GW19 TOTAL:,,,,,,,,=SUM(I256:I264),,,
Chips:,Triple Captain,All Captain,Weekly Goals Bonus,,,,,,,,
,,,,,,,,,,,
--- GAMEWEEK 20 ---,,,,,,,,,,,
20,Aston Villa,Nott'm Forest,2026-01-03,15:00,,,FALSE,,,,
20,Bournemouth,Arsenal,2026-01-03,15:00,,,FALSE,,,,
20,Brighton,Burnley,2026-01-03,15:00,,,FALSE,,,,
20,Everton,Brentford,2026-01-03,15:00,,,FALSE,,,,
20,Fulham,Liverpool,2026-01-03,15:00,,,FALSE,,,,
20,Leeds,Man Utd,2026-01-03,15:00,,,FALSE,,,,
20,Man City,Chelsea,2026-01-03,15:00,,,FALSE,,,,
20,Newcastle,Crystal Palace,2026-01-03,15:00,,,FALSE,,,,
20,Spurs,Sunderland,2026-01-03,15:00,,,FALSE,,,,
20,Wolves,West Ham,2026-01-03,15:00,,,FALSE,,,,
GW20 TOTAL:,,,,,,,,=SUM(I270:I278),,,
Chips:,Triple Captain,All Captain,Weekly Goals Bonus,,,,,,,,
,,,,,,,,,,,
--- GAMEWEEK 21 ---,,,,,,,,,,,
21,Arsenal,Liverpool,2026-01-07,20:00,,,FALSE,,,,
21,Bournemouth,Spurs,2026-01-07,20:00,,,FALSE,,,,
21,Brentford,Sunderland,2026-01-07,20:00,,,FALSE,,,,
21,Burnley,Man Utd,2026-01-07,20:00,,,FALSE,,,,
21,Crystal Palace,Aston Villa,2026-01-07,20:00,,,FALSE,,,,
21,Everton,Wolves,2026-01-07,20:00,,,FALSE,,,,
21,Fulham,Chelsea,2026-01-07,20:00,,,FALSE,,,,
21,Man City,Brighton,2026-01-07,20:00,,,FALSE,,,,
21,Newcastle,Leeds,2026-01-07,20:00,,,FALSE,,,,
21,West Ham,Nott'm Forest,2026-01-07,20:00,,,FALSE,,,,
GW21 TOTAL:,,,,,,,,=SUM(I284:I292),,,
Chips:,Triple Captain,All Captain,Weekly Goals Bonus,,,,,,,,
,,,,,,,,,,,
--- GAMEWEEK 22 ---,,,,,,,,,,,
22,Aston Villa,Everton,2026-01-17,15:00,,,FALSE,,,,
22,Brighton,Bournemouth,2026-01-17,15:00,,,FALSE,,,,
22,Chelsea,Brentford,2026-01-17,15:00,,,FALSE,,,,
22,Leeds,Fulham,2026-01-17,15:00,,,FALSE,,,,
22,Liverpool,Burnley,2026-01-17,15:00,,,FALSE,,,,
22,Man Utd,Man City,2026-01-17,15:00,,,FALSE,,,,
22,Nott'm Forest,Arsenal,2026-01-17,15:00,,,FALSE,,,,
22,Spurs,West Ham,2026-01-17,15:00,,,FALSE,,,,
22,Sunderland,Crystal Palace,2026-01-17,15:00,,,FALSE,,,,
22,Wolves,Newcastle,2026-01-17,15:00,,,FALSE,,,,
GW22 TOTAL:,,,,,,,,=SUM(I298:I306),,,
Chips:,Triple Captain,All Captain,Weekly Goals Bonus,,,,,,,,
,,,,,,,,,,,
--- GAMEWEEK 23 ---,,,,,,,,,,,
23,Arsenal,Man Utd,2026-01-24,15:00,,,FALSE,,,,
23,Bournemouth,Liverpool,2026-01-24,15:00,,,FALSE,,,,
23,Brentford,Nott'm Forest,2026-01-24,15:00,,,FALSE,,,,
23,Burnley,Spurs,2026-01-24,15:00,,,FALSE,,,,
23,Crystal Palace,Chelsea,2026-01-24,15:00,,,FALSE,,,,
23,Everton,Leeds,2026-01-24,15:00,,,FALSE,,,,
23,Fulham,Brighton,2026-01-24,15:00,,,FALSE,,,,
23,Man City,Wolves,2026-01-24,15:00,,,FALSE,,,,
23,Newcastle,Aston Villa,2026-01-24,15:00,,,FALSE,,,,
23,West Ham,Sunderland,2026-01-24,15:00,,,FALSE,,,,
GW23 TOTAL:,,,,,,,,=SUM(I312:I320),,,
Chips:,Triple Captain,All Captain,Weekly Goals Bonus,,,,,,,,
,,,,,,,,,,,
--- GAMEWEEK 24 ---,,,,,,,,,,,
24,Aston Villa,Brentford,2026-01-31,15:00,,,FALSE,,,,
24,Brighton,Everton,2026-01-31,15:00,,,FALSE,,,,
24,Chelsea,West Ham,2026-01-31,15:00,,,FALSE,,,,
24,Leeds,Arsenal,2026-01-31,15:00,,,FALSE,,,,
24,Liverpool,Newcastle,2026-01-31,15:00,,,FALSE,,,,
24,Man Utd,Fulham,2026-01-31,15:00,,,FALSE,,,,
24,Nott'm Forest,Crystal Palace,2026-01-31,15:00,,,FALSE,,,,
24,Spurs,Man City,2026-01-31,15:00,,,FALSE,,,,
24,Sunderland,Burnley,2026-01-31,15:00,,,FALSE,,,,
24,Wolves,Bournemouth,2026-01-31,15:00,,,FALSE,,,,
GW24 TOTAL:,,,,,,,,=SUM(I326:I334),,,
Chips:,Triple Captain,All Captain,Weekly Goals Bonus,,,,,,,,
,,,,,,,,,,,
--- GAMEWEEK 25 ---,,,,,,,,,,,
25,Arsenal,Sunderland,2026-02-07,15:00,,,FALSE,,,,
25,Bournemouth,Aston Villa,2026-02-07,15:00,,,FALSE,,,,
25,Brighton,Crystal Palace,2026-02-07,15:00,,,FALSE,,,,
25,Burnley,West Ham,2026-02-07,15:00,,,FALSE,,,,
25,Fulham,Everton,2026-02-07,15:00,,,FALSE,,,,
25,Leeds,Nott'm Forest,2026-02-07,15:00,,,FALSE,,,,
25,Liverpool,Man City,2026-02-07,15:00,,,FALSE,,,,
25,Man Utd,Spurs,2026-02-07,15:00,,,FALSE,,,,
25,Newcastle,Brentford,2026-02-07,15:00,,,FALSE,,,,
25,Wolves,Chelsea,2026-02-07,15:00,,,FALSE,,,,
GW25 TOTAL:,,,,,,,,=SUM(I340:I348),,,
Chips:,Triple Captain,All Captain,Weekly Goals Bonus,,,,,,,,
,,,,,,,,,,,
--- GAMEWEEK 26 ---,,,,,,,,,,,
26,Aston Villa,Brighton,2026-02-11,20:00,,,FALSE,,,,
26,Brentford,Arsenal,2026-02-11,20:00,,,FALSE,,,,
26,Chelsea,Leeds,2026-02-11,20:00,,,FALSE,,,,
26,Crystal Palace,Burnley,2026-02-11,20:00,,,FALSE,,,,
26,Everton,Bournemouth,2026-02-11,20:00,,,FALSE,,,,
26,Man City,Fulham,2026-02-11,20:00,,,FALSE,,,,
26,Nott'm Forest,Wolves,2026-02-11,20:00,,,FALSE,,,,
26,Spurs,Newcastle,2026-02-11,20:00,,,FALSE,,,,
26,Sunderland,Liverpool,2026-02-11,20:00,,,FALSE,,,,
26,West Ham,Man Utd,2026-02-11,20:00,,,FALSE,,,,
GW26 TOTAL:,,,,,,,,=SUM(I354:I362),,,
Chips:,Triple Captain,All Captain,Weekly Goals Bonus,,,,,,,,
,,,,,,,,,,,
--- GAMEWEEK 27 ---,,,,,,,,,,,
27,Aston Villa,Leeds,2026-02-21,15:00,,,FALSE,,,,
27,Brentford,Brighton,2026-02-21,15:00,,,FALSE,,,,
27,Chelsea,Burnley,2026-02-21,15:00,,,FALSE,,,,
27,Crystal Palace,Wolves,2026-02-21,15:00,,,FALSE,,,,
27,Everton,Man Utd,2026-02-21,15:00,,,FALSE,,,,
27,Man City,Newcastle,2026-02-21,15:00,,,FALSE,,,,
27,Nott'm Forest,Liverpool,2026-02-21,15:00,,,FALSE,,,,
27,Spurs,Arsenal,2026-02-21,15:00,,,FALSE,,,,
27,Sunderland,Fulham,2026-02-21,15:00,,,FALSE,,,,
27,West Ham,Bournemouth,2026-02-21,15:00,,,FALSE,,,,
GW27 TOTAL:,,,,,,,,=SUM(I368:I376),,,
Chips:,Triple Captain,All Captain,Weekly Goals Bonus,,,,,,,,
,,,,,,,,,,,
--- GAMEWEEK 28 ---,,,,,,,,,,,
28,Arsenal,Chelsea,2026-02-28,15:00,,,FALSE,,,,
28,Bournemouth,Sunderland,2026-02-28,15:00,,,FALSE,,,,
28,Brighton,Nott'm Forest,2026-02-28,15:00,,,FALSE,,,,
28,Burnley,Brentford,2026-02-28,15:00,,,FALSE,,,,
28,Fulham,Spurs,2026-02-28,15:00,,,FALSE,,,,
28,Leeds,Man City,2026-02-28,15:00,,,FALSE,,,,
28,Liverpool,West Ham,2026-02-28,15:00,,,FALSE,,,,
28,Man Utd,Crystal Palace,2026-02-28,15:00,,,FALSE,,,,
28,Newcastle,Everton,2026-02-28,15:00,,,FALSE,,,,
28,Wolves,Aston Villa,2026-02-28,15:00,,,FALSE,,,,
GW28 TOTAL:,,,,,,,,=SUM(I382:I390),,,
Chips:,Triple Captain,All Captain,Weekly Goals Bonus,,,,,,,,
,,,,,,,,,,,
--- GAMEWEEK 29 ---,,,,,,,,,,,
29,Aston Villa,Chelsea,2026-03-04,20:00,,,FALSE,,,,
29,Bournemouth,Brentford,2026-03-04,20:00,,,FALSE,,,,
29,Brighton,Arsenal,2026-03-04,20:00,,,FALSE,,,,
29,Everton,Burnley,2026-03-04,20:00,,,FALSE,,,,
29,Fulham,West Ham,2026-03-04,20:00,,,FALSE,,,,
29,Leeds,Sunderland,2026-03-04,20:00,,,FALSE,,,,
29,Man City,Nott'm Forest,2026-03-04,20:00,,,FALSE,,,,
29,Newcastle,Man Utd,2026-03-04,20:00,,,FALSE,,,,
29,Spurs,Crystal Palace,2026-03-04,20:00,,,FALSE,,,,
29,Wolves,Liverpool,2026-03-04,20:00,,,FALSE,,,,
GW29 TOTAL:,,,,,,,,=SUM(I396:I404),,,
Chips:,Triple Captain,All Captain,Weekly Goals Bonus,,,,,,,,
,,,,,,,,,,,
--- GAMEWEEK 30 ---,,,,,,,,,,,
30,Arsenal,Everton,2026-03-14,15:00,,,FALSE,,,,
30,Brentford,Wolves,2026-03-14,15:00,,,FALSE,,,,
30,Burnley,Bournemouth,2026-03-14,15:00,,,FALSE,,,,
30,Chelsea,Newcastle,2026-03-14,15:00,,,FALSE,,,,
30,Crystal Palace,Leeds,2026-03-14,15:00,,,FALSE,,,,
30,Liverpool,Spurs,2026-03-14,15:00,,,FALSE,,,,
30,Man Utd,Aston Villa,2026-03-14,15:00,,,FALSE,,,,
30,Nott'm Forest,Fulham,2026-03-14,15:00,,,FALSE,,,,
30,Sunderland,Brighton,2026-03-14,15:00,,,FALSE,,,,
30,West Ham,Man City,2026-03-14,15:00,,,FALSE,,,,
GW30 TOTAL:,,,,,,,,=SUM(I410:I418),,,
Chips:,Triple Captain,All Captain,Weekly Goals Bonus,,,,,,,,
,,,,,,,,,,,
--- GAMEWEEK 31 ---,,,,,,,,,,,
31,Aston Villa,West Ham,2026-03-21,15:00,,,FALSE,,,,
31,Bournemouth,Man Utd,2026-03-21,15:00,,,FALSE,,,,
31,Brighton,Liverpool,2026-03-21,15:00,,,FALSE,,,,
31,Everton,Chelsea,2026-03-21,15:00,,,FALSE,,,,
31,Fulham,Burnley,2026-03-21,15:00,,,FALSE,,,,
31,Leeds,Brentford,2026-03-21,15:00,,,FALSE,,,,
31,Man City,Crystal Palace,2026-03-21,15:00,,,FALSE,,,,
31,Newcastle,Sunderland,2026-03-21,15:00,,,FALSE,,,,
31,Spurs,Nott'm Forest,2026-03-21,15:00,,,FALSE,,,,
31,Wolves,Arsenal,2026-03-21,15:00,,,FALSE,,,,
GW31 TOTAL:,,,,,,,,=SUM(I424:I432),,,
Chips:,Triple Captain,All Captain,Weekly Goals Bonus,,,,,,,,
,,,,,,,,,,,
--- GAMEWEEK 32 ---,,,,,,,,,,,
32,Arsenal,Bournemouth,2026-04-11,14:00,,,FALSE,,,,
32,Brentford,Everton,2026-04-11,14:00,,,FALSE,,,,
32,Burnley,Brighton,2026-04-11,14:00,,,FALSE,,,,
32,Chelsea,Man City,2026-04-11,14:00,,,FALSE,,,,
32,Crystal Palace,Newcastle,2026-04-11,14:00,,,FALSE,,,,
32,Liverpool,Fulham,2026-04-11,14:00,,,FALSE,,,,
32,Man Utd,Leeds,2026-04-11,14:00,,,FALSE,,,,
32,Nott'm Forest,Aston Villa,2026-04-11,14:00,,,FALSE,,,,
32,Sunderland,Spurs,2026-04-11,14:00,,,FALSE,,,,
32,West Ham,Wolves,2026-04-11,14:00,,,FALSE,,,,
GW32 TOTAL:,,,,,,,,=SUM(I438:I446),,,
Chips:,Triple Captain,All Captain,Weekly Goals Bonus,,,,,,,,
,,,,,,,,,,,
--- GAMEWEEK 33 ---,,,,,,,,,,,
33,Aston Villa,Sunderland,2026-04-18,14:00,,,FALSE,,,,
33,Brentford,Fulham,2026-04-18,14:00,,,FALSE,,,,
33,Chelsea,Man Utd,2026-04-18,14:00,,,FALSE,,,,
33,Crystal Palace,West Ham,2026-04-18,14:00,,,FALSE,,,,
33,Everton,Liverpool,2026-04-18,14:00,,,FALSE,,,,
33,Leeds,Wolves,2026-04-18,14:00,,,FALSE,,,,
33,Man City,Arsenal,2026-04-18,14:00,,,FALSE,,,,
33,Newcastle,Bournemouth,2026-04-18,14:00,,,FALSE,,,,
33,Nott'm Forest,Burnley,2026-04-18,14:00,,,FALSE,,,,
33,Spurs,Brighton,2026-04-18,14:00,,,FALSE,,,,
GW33 TOTAL:,,,,,,,,=SUM(I452:I460),,,
Chips:,Triple Captain,All Captain,Weekly Goals Bonus,,,,,,,,
,,,,,,,,,,,
--- GAMEWEEK 34 ---,,,,,,,,,,,
34,Arsenal,Newcastle,2026-04-25,14:00,,,FALSE,,,,
34,Bournemouth,Leeds,2026-04-25,14:00,,,FALSE,,,,
34,Brighton,Chelsea,2026-04-25,14:00,,,FALSE,,,,
34,Burnley,Man City,2026-04-25,14:00,,,FALSE,,,,
34,Fulham,Aston Villa,2026-04-25,14:00,,,FALSE,,,,
34,Liverpool,Crystal Palace,2026-04-25,14:00,,,FALSE,,,,
34,Man Utd,Brentford,2026-04-25,14:00,,,FALSE,,,,
34,Sunderland,Nott'm Forest,2026-04-25,14:00,,,FALSE,,,,
34,West Ham,Everton,2026-04-25,14:00,,,FALSE,,,,
34,Wolves,Spurs,2026-04-25,14:00,,,FALSE,,,,
GW34 TOTAL:,,,,,,,,=SUM(I466:I474),,,
Chips:,Triple Captain,All Captain,Weekly Goals Bonus,,,,,,,,
,,,,,,,,,,,
--- GAMEWEEK 35 ---,,,,,,,,,,,
35,Arsenal,Fulham,2026-05-02,14:00,,,FALSE,,,,
35,Aston Villa,Spurs,2026-05-02,14:00,,,FALSE,,,,
35,Bournemouth,Crystal Palace,2026-05-02,14:00,,,FALSE,,,,
35,Brentford,West Ham,2026-05-02,14:00,,,FALSE,,,,
35,Chelsea,Nott'm Forest,2026-05-02,14:00,,,FALSE,,,,
35,Everton,Man City,2026-05-02,14:00,,,FALSE,,,,
35,Leeds,Burnley,2026-05-02,14:00,,,FALSE,,,,
35,Man Utd,Liverpool,2026-05-02,14:00,,,FALSE,,,,
35,Newcastle,Brighton,2026-05-02,14:00,,,FALSE,,,,
35,Wolves,Sunderland,2026-05-02,14:00,,,FALSE,,,,
GW35 TOTAL:,,,,,,,,=SUM(I480:I488),,,
Chips:,Triple Captain,All Captain,Weekly Goals Bonus,,,,,,,,
,,,,,,,,,,,
--- GAMEWEEK 36 ---,,,,,,,,,,,
36,Brighton,Wolves,2026-05-09,14:00,,,FALSE,,,,
36,Burnley,Aston Villa,2026-05-09,14:00,,,FALSE,,,,
36,Crystal Palace,Everton,2026-05-09,14:00,,,FALSE,,,,
36,Fulham,Bournemouth,2026-05-09,14:00,,,FALSE,,,,
36,Liverpool,Chelsea,2026-05-09,14:00,,,FALSE,,,,
36,Man City,Brentford,2026-05-09,14:00,,,FALSE,,,,
36,Nott'm Forest,Newcastle,2026-05-09,14:00,,,FALSE,,,,
36,Spurs,Leeds,2026-05-09,14:00,,,FALSE,,,,
36,Sunderland,Man Utd,2026-05-09,14:00,,,FALSE,,,,
36,West Ham,Arsenal,2026-05-09,14:00,,,FALSE,,,,
GW36 TOTAL:,,,,,,,,=SUM(I494:I502),,,
Chips:,Triple Captain,All Captain,Weekly Goals Bonus,,,,,,,,
,,,,,,,,,,,
--- GAMEWEEK 37 ---,,,,,,,,,,,
37,Arsenal,Burnley,2026-05-17,14:00,,,FALSE,,,,
37,Aston Villa,Liverpool,2026-05-17,14:00,,,FALSE,,,,
37,Bournemouth,Man City,2026-05-17,14:00,,,FALSE,,,,
37,Brentford,Crystal Palace,2026-05-17,14:00,,,FALSE,,,,
37,Chelsea,Spurs,2026-05-17,14:00,,,FALSE,,,,
37,Everton,Sunderland,2026-05-17,14:00,,,FALSE,,,,
37,Leeds,Brighton,2026-05-17,14:00,,,FALSE,,,,
37,Man Utd,Nott'm Forest,2026-05-17,14:00,,,FALSE,,,,
37,Newcastle,West Ham,2026-05-17,14:00,,,FALSE,,,,
37,Wolves,Fulham,2026-05-17,14:00,,,FALSE,,,,
GW37 TOTAL:,,,,,,,,=SUM(I508:I516),,,
Chips:,Triple Captain,All Captain,Weekly Goals Bonus,,,,,,,,
,,,,,,,,,,,
--- GAMEWEEK 38 ---,,,,,,,,,,,
38,Brighton,Man Utd,2026-05-24,15:00,,,FALSE,,,,
38,Burnley,Wolves,2026-05-24,15:00,,,FALSE,,,,
38,Crystal Palace,Arsenal,2026-05-24,15:00,,,FALSE,,,,
38,Fulham,Newcastle,2026-05-24,15:00,,,FALSE,,,,
38,Liverpool,Brentford,2026-05-24,15:00,,,FALSE,,,,
38,Man City,Aston Villa,2026-05-24,15:00,,,FALSE,,,,
38,Nott'm Forest,Bournemouth,2026-05-24,15:00,,,FALSE,,,,
38,Spurs,Everton,2026-05-24,15:00,,,FALSE,,,,
38,Sunderland,Chelsea,2026-05-24,15:00,,,FALSE,,,,
38,West Ham,Leeds,2026-05-24,15:00,,,FALSE,,,,
GW38 TOTAL:,,,,,,,,=SUM(I522:I530),,,
Chips:,Triple Captain,All Captain,Weekly Goals Bonus,,,,,,,,
,,,,,,,,,,,
--- SEASON SUMMARY ---,,,,,,,,,,,
Total Points:,=SUM(all gameweek totals),,,,,,,,,,
Exact Scores:,"=COUNTIF(J:J,""*Exact*"")",,,,,,,,,,
Correct Results:,"=COUNTIF(J:J,""*Result*"")",,,,,,,,,,
Captain Points:,=SUM(captain bonuses),,,,,,,,,,
Upset Bonuses:,"=COUNTIF(J:J,""*Upset*"")",,,,,,,,,,
Weekly Goals Bonuses:,"=COUNTIF(J:J,""*Weekly*"")",,,,,,,,,,
Triple Captain Used:,FALSE,,,,,,,,,,
All Captain Used:,FALSE,,,,,,,,,,
Table Accuracy Bonus:,(End of season),,,,,,,,,,
FINAL SCORE:,=Total + Table Bonus,,,,,,,,,,
